{
	"fyd2bqrbrdrwahdm": {
		"definition": "move_speed+5%",
		"x": 0,
		"y": -73.9008344562721,
		"root": true
	},
	"qu0g0lxbbr4xym88": {
		"definition": "step_height+0.5",
		"x": 0,
		"y": 73.9008344562721,
		"root": true
	},
	"q77h198zyp7nfs0d": {
		"definition": "move_speed+2%",
		"x": -352,
		"y": -129.32646029847615,
		"root": false
	},
	"ckf0i0zuwsyb9s5q": {
		"definition": "move_speed+2%",
		"x": -512,
		"y": -369.5041722813605,
		"root": false
	},
	"y9nr25buzyn82afc": {
		"definition": "move_speed+2%",
		"x": 416,
		"y": -240.17771198288432,
		"root": false
	},
	"8wu6u8f1iearcou2": {
		"definition": "move_speed+2%",
		"x": -512,
		"y": -258.6529205969523,
		"root": false
	},
	"87o1d8x9hdo3ap1h": {
		"definition": "move_speed+2%",
		"x": 160,
		"y": -461.88021535170054,
		"root": false
	},
	"jlt5x2tk7olp7847": {
		"definition": "move_speed+2%",
		"x": 288,
		"y": -461.8802153517006,
		"root": false
	},
	"cduoqxyulm5w9jcr": {
		"definition": "move_speed+2%",
		"x": -352,
		"y": -461.88021535170054,
		"root": false
	},
	"5hbz6nt4jel74w3n": {
		"definition": "move_speed+2%",
		"x": -160,
		"y": -461.8802153517006,
		"root": false
	},
	"72am95m6wf53ahpn": {
		"definition": "move_speed+2%",
		"x": -320,
		"y": -554.2562584220407,
		"root": false
	},
	"9uqeu0nfk9pxwx5y": {
		"definition": "jump+5%",
		"x": 544,
		"y": -203.2272947547482,
		"root": false
	},
	"epycsf1gg1otfnqt": {
		"definition": "jump+5%",
		"x": -256,
		"y": -110.85125168440814,
		"root": false
	},
	"cr3ol0vs6yelxsd5": {
		"definition": "jump+5%",
		"x": 640,
		"y": -110.85125168440817,
		"root": false
	},
	"51wsv82dr7zr69ns": {
		"definition": "jump+5%",
		"x": 0,
		"y": -702.057927334585,
		"root": false
	},
	"gf6e9mhk02ecxjxn": {
		"definition": "jump+5%",
		"x": -224,
		"y": -609.6818842642448,
		"root": false
	},
	"4znxvn9aoy1qwrw3": {
		"definition": "jump+5%",
		"x": 256,
		"y": -517.3058411939047,
		"root": false
	},
	"ljuv18x42mg95i3y": {
		"definition": "jump+5%",
		"x": -384,
		"y": -369.50417228136047,
		"root": false
	},
	"s8osb3725hq3caiv": {
		"definition": "jump+5%",
		"x": -256,
		"y": -295.6033378250884,
		"root": false
	},
	"w4q92pspci78yovv": {
		"definition": "jump+5%",
		"x": 128,
		"y": -591.2066756501767,
		"root": false
	},
	"wndynythq6sa8ecx": {
		"definition": "jump+5%",
		"x": -224,
		"y": -498.8306325798366,
		"root": false
	},
	"x7n2hhm4zbeotdxm": {
		"definition": "sprint_speed+4%",
		"x": -512,
		"y": -443.4050067376325,
		"root": false
	},
	"b31fs57o4q9oy6og": {
		"definition": "sprint_speed+4%",
		"x": 0,
		"y": -406.4545895094965,
		"root": false
	},
	"jgfv982q5efpie7i": {
		"definition": "sprint_speed+4%",
		"x": 0,
		"y": -517.3058411939046,
		"root": false
	},
	"xwxogzyd69cid5ei": {
		"definition": "sprint_speed+4%",
		"x": 0,
		"y": -295.6033378250883,
		"root": false
	},
	"aukp0iz8jewkn1zb": {
		"definition": "sprint_speed+4%",
		"x": 416,
		"y": -351.02896366729243,
		"root": false
	},
	"zhgpgiavn7mk53rc": {
		"definition": "swim_speed+2%",
		"x": -640,
		"y": -369.50417228136047,
		"root": false
	},
	"kol3jd07h8ia9n00": {
		"definition": "swim_speed+2%",
		"x": 288,
		"y": -240.1777119828843,
		"root": false
	},
	"icfuyn1nqepcyach": {
		"definition": "swim_speed+2%",
		"x": 192,
		"y": -110.85125168440814,
		"root": false
	},
	"6l7h8j0desxuj143": {
		"definition": "swim_speed+2%",
		"x": -480,
		"y": -92.3760430703401,
		"root": false
	},
	"l1ulz4k31hghkyb2": {
		"definition": "swim_speed+2%",
		"x": -96,
		"y": -277.12812921102034,
		"root": false
	},
	"l552hlrri5mup6hb": {
		"definition": "swim_speed+2%",
		"x": -640,
		"y": -221.70250336881628,
		"root": false
	},
	"r4hws3b2w2eqcsqb": {
		"definition": "swim_speed+2%",
		"x": 0,
		"y": -147.8016689125442,
		"root": false
	},
	"zf1y9nlegv36o381": {
		"definition": "swim_speed+2%",
		"x": 256,
		"y": -406.4545895094965,
		"root": false
	},
	"pj7lt1gl039klgol": {
		"definition": "swim_speed+2%",
		"x": -192,
		"y": -369.5041722813604,
		"root": false
	},
	"9w6ft5n3ytwn5isv": {
		"definition": "movement_efficiency-5%",
		"x": -352,
		"y": -55.425625842204056,
		"root": false
	},
	"v0djc44kb6f2130d": {
		"definition": "movement_efficiency-5%",
		"x": 608,
		"y": -203.22729475474824,
		"root": false
	},
	"bqy4ey566yu3caxt": {
		"definition": "movement_efficiency-5%",
		"x": 416,
		"y": -55.42562584220411,
		"root": false
	},
	"dvt99h6ajqel2ws3": {
		"definition": "movement_efficiency-5%",
		"x": 128,
		"y": -295.6033378250884,
		"root": false
	},
	"2p3zjkz2izb0xeto": {
		"definition": "movement_efficiency-5%",
		"x": 224,
		"y": -203.2272947547483,
		"root": false
	},
	"1plct8m5quvyf1ju": {
		"definition": "luck+0.2",
		"x": 576,
		"y": -295.6033378250884,
		"root": false
	},
	"v14xqhsvtd525huc": {
		"definition": "luck+0.2",
		"x": -480,
		"y": -166.2768775266122,
		"root": false
	},
	"eq695h74bmcc6755": {
		"definition": "luck+0.2",
		"x": 416,
		"y": -129.32646029847618,
		"root": false
	},
	"toq7bgzrovdvp0k1": {
		"definition": "luck+0.2",
		"x": -352,
		"y": -203.22729475474827,
		"root": false
	},
	"znxahdfveosdpp9k": {
		"definition": "luck+0.2",
		"x": 480,
		"y": -129.32646029847615,
		"root": false
	},
	"9njylztxhkuhtc8q": {
		"definition": "eating_speed+5%",
		"x": 416,
		"y": -461.88021535170054,
		"root": false
	},
	"ecfdo2036iekwgsj": {
		"definition": "eating_speed+5%",
		"x": -96,
		"y": -609.6818842642448,
		"root": false
	},
	"wmcucpcd2bd8q5e8": {
		"definition": "eating_speed+5%",
		"x": 256,
		"y": -295.6033378250884,
		"root": false
	},
	"g3pps7j8wxpx8d7b": {
		"definition": "eating_speed+5%",
		"x": -256,
		"y": -184.75208614068023,
		"root": false
	},
	"zqx36k0aresx4e0l": {
		"definition": "eating_speed+5%",
		"x": 352,
		"y": -240.17771198288432,
		"root": false
	},
	"j8npfkv1k2tiicoi": {
		"definition": "swim_speed+2%",
		"x": -416,
		"y": -498.8306325798366,
		"root": false
	},
	"pxa4opengbgygw68": {
		"definition": "stamina+2%",
		"x": 544,
		"y": 351.0289636672925,
		"root": false
	},
	"6zt3a6n6psiwn3sw": {
		"definition": "stamina+2%",
		"x": -416,
		"y": 240.17771198288432,
		"root": false
	},
	"jog84h5m0qn26cc8": {
		"definition": "stamina+2%",
		"x": -288,
		"y": 461.8802153517006,
		"root": false
	},
	"gi6q136a6lyr7szv": {
		"definition": "stamina+2%",
		"x": 352,
		"y": 535.7810498079726,
		"root": false
	},
	"7m19gx6smi2r8vy6": {
		"definition": "stamina+2%",
		"x": -160,
		"y": 461.88021535170054,
		"root": false
	},
	"v8f57b3g7ik7phj9": {
		"definition": "stamina+2%",
		"x": 544,
		"y": 277.12812921102034,
		"root": false
	},
	"csaqyh2rmzjj93f2": {
		"definition": "stamina+2%",
		"x": 160,
		"y": 461.8802153517006,
		"root": false
	},
	"2z62jetvfcucg1tt": {
		"definition": "stamina+2%",
		"x": 352,
		"y": 461.88021535170054,
		"root": false
	},
	"ranspckn01sd1tyt": {
		"definition": "stamina+2%",
		"x": 416,
		"y": 166.27687752661222,
		"root": false
	},
	"8awtzj5nualkp9vv": {
		"definition": "mount_speed+5%",
		"x": -192,
		"y": 110.85125168440814,
		"root": false
	},
	"kx1x3l7bbs97nuy8": {
		"definition": "mount_speed+5%",
		"x": 416,
		"y": 387.9793808954285,
		"root": false
	},
	"cfar18z8pxzpr1fg": {
		"definition": "mount_speed+5%",
		"x": -288,
		"y": 240.17771198288426,
		"root": false
	},
	"jk7k6hpnfl2kpb4s": {
		"definition": "mount_speed+5%",
		"x": 288,
		"y": 92.37604307034013,
		"root": false
	},
	"fc6xh1vfsls9o7ba": {
		"definition": "mount_speed+5%",
		"x": 160,
		"y": 535.7810498079726,
		"root": false
	},
	"2b3m7kx779pg4esf": {
		"definition": "mount_speed+5%",
		"x": -192,
		"y": 517.3058411939047,
		"root": false
	},
	"qj139ez967c53bod": {
		"definition": "mount_speed+5%",
		"x": 256,
		"y": 591.2066756501767,
		"root": false
	},
	"9xlsglup0y4ts9dp": {
		"definition": "mount_speed+5%",
		"x": -96,
		"y": 609.6818842642448,
		"root": false
	},
	"9tlug94scv8c3a5l": {
		"definition": "mount_speed+5%",
		"x": 288,
		"y": 351.0289636672925,
		"root": false
	},
	"tthvrh9h7fqfxwxe": {
		"definition": "mount_speed+5%",
		"x": 0,